{
  "urls": [
    "out/abc.ogg",
    "out/abc.m4a",
    "out/abc.mp3",
    "out/abc.ac3"
  ],
  "sprite": {
    "CHIMES": [
      0,
      631.3378684807255
    ],
    "CHORD": [
      2000,
      1098.9115646258504
    ],
    "DING": [
      5000,
      915.6916099773244
    ],
    "LOGOFF": [
      7000,
      3549.0249433106574
    ],
    "NOTIFY": [
      12000,
      1352.5170068027207
    ],
    "RECYCLE": [
      15000,
      574.6485260770982
    ],
    "START": [
      17000,
      45.89569160997797
    ],
    "TADA": [
      19000,
      1938.866213151929
    ],
    "The Microsoft Sound": [
      22000,
      7858.503401360544
    ]
  }
}